Sujeto,Criterio,A / B,Hit,F.Alarmas,Rechazos,Omisiones,,Fa(AN),Fa(BN),H(BS),H(AS),,R(AN),R(BN),R(BS),R(AS),,M(BS),M(AS),,,RT (AS),RT(AN),A,RT (BS),RT(BN),B
,,,142,6,154,18,,0.0375,0.0875,0.78125,0.8875,,1.5,1.66875,4.70625,5.2,,2.37142857,2.84210526,,,2.81653436,2.36051994,2.58852715,2.91121003,2.6244993,2.76785467
,,,125,14,146,35,,,,,,,,,,,,,,,,1.31551377,0.8594711,1.08749244,1.41016889,1.12346651,1.2668177
,,,,,,,,,,,,,,,,,,,,,,0.8981442,0.79656736,0.84735578,0.93759714,0.84861794,0.89310754
